{"0": {"train_loss": 1.8165730347438735, "val_loss": 1.4794785976409912}, "1": {"train_loss": 1.4480353253228324, "val_loss": 1.2705246210098267}, "2": {"train_loss": 1.2862047373640293, "val_loss": 1.163865327835083}, "3": {"train_loss": 1.1732275616757724, "val_loss": 1.1101362705230713}, "4": {"train_loss": 1.0915378575422325, "val_loss": 1.016204833984375}, "5": {"train_loss": 1.0204022222635698, "val_loss": 1.0426212549209595}, "6": {"train_loss": 0.9514888789580793, "val_loss": 0.9832593202590942}, "7": {"train_loss": 0.897512383606969, "val_loss": 0.8916582465171814}, "8": {"train_loss": 0.8342469349807623, "val_loss": 0.9301725029945374}, "9": {"train_loss": 0.8005642735836457, "val_loss": 0.9071495532989502}, "10": {"train_loss": 0.7525393505181585, "val_loss": 0.8639112710952759}, "11": {"train_loss": 0.7311651027020143, "val_loss": 0.9789670705795288}, "12": {"train_loss": 0.6942227954158977, "val_loss": 0.8684223890304565}, "13": {"train_loss": 0.6632843314841086, "val_loss": 0.9042579531669617}, "14": {"train_loss": 0.6377358620568198, "val_loss": 0.7939605116844177}, "15": {"train_loss": 0.6016932930417207, "val_loss": 0.8088133335113525}, "16": {"train_loss": 0.587217563345116, "val_loss": 0.9218201637268066}, "17": {"train_loss": 0.5551694918956075, "val_loss": 0.8494364023208618}, "18": {"train_loss": 0.5289794002868691, "val_loss": 0.8413893580436707}, "19": {"train_loss": 0.5151652484676059, "val_loss": 0.8586868643760681}, "20": {"train_loss": 0.4919835598949267, "val_loss": 0.9278029799461365}, "21": {"train_loss": 0.45885896180965463, "val_loss": 0.7671762704849243}, "22": {"train_loss": 0.44849415701262807, "val_loss": 0.9300553798675537}, "23": {"train_loss": 0.4321992109928812, "val_loss": 0.85475093126297}, "24": {"train_loss": 0.4088263440573094, "val_loss": 0.8089984655380249}, "25": {"train_loss": 0.3846822415231442, "val_loss": 0.8723254203796387}, "26": {"train_loss": 0.3812254335047031, "val_loss": 0.8057064414024353}, "27": {"train_loss": 0.36084235999353076, "val_loss": 0.7337902784347534}, "28": {"train_loss": 0.3396853436620868, "val_loss": 0.8378732204437256}, "29": {"train_loss": 0.33461444190114126, "val_loss": 1.000957727432251}, "30": {"train_loss": 0.31723555523369995, "val_loss": 1.0187751054763794}, "31": {"train_loss": 0.3105450300309731, "val_loss": 0.9368415474891663}, "32": {"train_loss": 0.29515295399695024, "val_loss": 0.8133937120437622}, "33": {"train_loss": 0.2794146071739343, "val_loss": 1.0583158731460571}, "34": {"train_loss": 0.26195975940446464, "val_loss": 0.7509352564811707}, "35": {"train_loss": 0.2596164044296863, "val_loss": 0.8544883131980896}, "36": {"train_loss": 0.24508681745097347, "val_loss": 0.9257174134254456}, "37": {"train_loss": 0.2398442561377068, "val_loss": 0.7389408946037292}, "38": {"train_loss": 0.21961601914799944, "val_loss": 0.8930867910385132}}