{"0": {"train_loss": 1.806894112070766, "val_loss": 1.464516520500183}, "1": {"train_loss": 1.4780235110072915, "val_loss": 1.282529592514038}, "2": {"train_loss": 1.338206006572881, "val_loss": 1.1587636470794678}, "3": {"train_loss": 1.2386202716499293, "val_loss": 1.0883574485778809}, "4": {"train_loss": 1.1440494358539581, "val_loss": 1.064339518547058}, "5": {"train_loss": 1.0620971587272958, "val_loss": 1.003775954246521}, "6": {"train_loss": 1.008565420131071, "val_loss": 0.972018837928772}, "7": {"train_loss": 0.9475775213416563, "val_loss": 0.9111288785934448}, "8": {"train_loss": 0.8959836407538948, "val_loss": 0.8882341980934143}, "9": {"train_loss": 0.8497707783629042, "val_loss": 0.8812997341156006}, "10": {"train_loss": 0.8014590399801185, "val_loss": 0.864025354385376}, "11": {"train_loss": 0.7683577501992567, "val_loss": 0.8480672240257263}, "12": {"train_loss": 0.7371772246076427, "val_loss": 0.8367438316345215}, "13": {"train_loss": 0.6948385209938802, "val_loss": 0.7810038924217224}, "14": {"train_loss": 0.6673362346690729, "val_loss": 0.7887930274009705}, "15": {"train_loss": 0.6474535580075115, "val_loss": 0.7605449557304382}, "16": {"train_loss": 0.6257078962041698, "val_loss": 0.7424854040145874}, "17": {"train_loss": 0.5954547208656958, "val_loss": 0.7500658631324768}, "18": {"train_loss": 0.5789014636923414, "val_loss": 0.7218193411827087}, "19": {"train_loss": 0.5505958611675359, "val_loss": 0.6752519607543945}, "20": {"train_loss": 0.5239411543268676, "val_loss": 0.6959033012390137}, "21": {"train_loss": 0.5110184656233963, "val_loss": 0.6870297193527222}, "22": {"train_loss": 0.4847962553484724, "val_loss": 0.6599363684654236}, "23": {"train_loss": 0.4667818383612764, "val_loss": 0.7066183686256409}, "24": {"train_loss": 0.4511197622216076, "val_loss": 0.681270182132721}, "25": {"train_loss": 0.4377418815952922, "val_loss": 0.692870020866394}, "26": {"train_loss": 0.4261538885328748, "val_loss": 0.7628677487373352}, "27": {"train_loss": 0.403181668610201, "val_loss": 0.7142161130905151}, "28": {"train_loss": 0.3914019679394337, "val_loss": 0.7125741839408875}, "29": {"train_loss": 0.3728015564997262, "val_loss": 0.7061560750007629}, "30": {"train_loss": 0.3582111823996273, "val_loss": 0.7040582299232483}, "31": {"train_loss": 0.3441898142662617, "val_loss": 0.728579580783844}, "32": {"train_loss": 0.3246811446178397, "val_loss": 0.7014701962471008}, "33": {"train_loss": 0.3156941945604775, "val_loss": 0.6699981689453125}}