{"0": {"train_loss": 2.298110081515181, "val_loss": 2.259310722351074}, "1": {"train_loss": 2.2265935458174537, "val_loss": 2.1588237285614014}, "2": {"train_loss": 2.138783761667549, "val_loss": 2.093352794647217}, "3": {"train_loss": 2.0935275855414366, "val_loss": 2.0619871616363525}, "4": {"train_loss": 2.065131772001949, "val_loss": 2.0398998260498047}, "5": {"train_loss": 2.0430065535624093, "val_loss": 2.0273940563201904}, "6": {"train_loss": 2.0283871659445105, "val_loss": 2.0107409954071045}, "7": {"train_loss": 2.0100267562297507, "val_loss": 2.000007390975952}, "8": {"train_loss": 1.9966023214366457, "val_loss": 1.9873318672180176}, "9": {"train_loss": 1.9843401274549852, "val_loss": 1.9823483228683472}, "10": {"train_loss": 1.9719835749459922, "val_loss": 1.9681439399719238}, "11": {"train_loss": 1.9650069808741228, "val_loss": 1.962453007698059}, "12": {"train_loss": 1.9508134252434477, "val_loss": 1.9577815532684326}, "13": {"train_loss": 1.9376950258508734, "val_loss": 1.949260950088501}, "14": {"train_loss": 1.9308357402819012, "val_loss": 1.9416613578796387}, "15": {"train_loss": 1.9197339628814558, "val_loss": 1.934816598892212}, "16": {"train_loss": 1.9133687216207522, "val_loss": 1.9236208200454712}, "17": {"train_loss": 1.908078625114686, "val_loss": 1.916595220565796}, "18": {"train_loss": 1.8995109621537936, "val_loss": 1.915602684020996}, "19": {"train_loss": 1.8944287529779136, "val_loss": 1.9138987064361572}, "20": {"train_loss": 1.892154894290714, "val_loss": 1.9067836999893188}, "21": {"train_loss": 1.8861319214925854, "val_loss": 1.9048393964767456}, "22": {"train_loss": 1.8800287941180238, "val_loss": 1.8985761404037476}, "23": {"train_loss": 1.8750851854271846, "val_loss": 1.9034005403518677}, "24": {"train_loss": 1.8781632912268333, "val_loss": 1.9041087627410889}, "25": {"train_loss": 1.8723312222629511, "val_loss": 1.8941924571990967}, "26": {"train_loss": 1.870865056274134, "val_loss": 1.8952690362930298}, "27": {"train_loss": 1.863833817866964, "val_loss": 1.8878426551818848}, "28": {"train_loss": 1.8543290818503144, "val_loss": 1.8874175548553467}, "29": {"train_loss": 1.8610312873070394, "val_loss": 1.8880949020385742}, "30": {"train_loss": 1.850652536667815, "val_loss": 1.8850955963134766}, "31": {"train_loss": 1.8525359105626378, "val_loss": 1.8860712051391602}, "32": {"train_loss": 1.8518838696523543, "val_loss": 1.8838855028152466}, "33": {"train_loss": 1.8478095137744868, "val_loss": 1.8801649808883667}, "34": {"train_loss": 1.8506416563594013, "val_loss": 1.8788762092590332}, "35": {"train_loss": 1.840211448866293, "val_loss": 1.8804452419281006}, "36": {"train_loss": 1.8409804067480455, "val_loss": 1.877800464630127}, "37": {"train_loss": 1.8339051527714512, "val_loss": 1.8761162757873535}, "38": {"train_loss": 1.830687918247433, "val_loss": 1.8738433122634888}, "39": {"train_loss": 1.8263495619143915, "val_loss": 1.8751716613769531}, "40": {"train_loss": 1.8313028057780834, "val_loss": 1.8768692016601562}, "41": {"train_loss": 1.8248594611062916, "val_loss": 1.8723279237747192}, "42": {"train_loss": 1.8199246569510994, "val_loss": 1.8718278408050537}, "43": {"train_loss": 1.8225963449259417, "val_loss": 1.871525764465332}, "44": {"train_loss": 1.8237548131461536, "val_loss": 1.9101316928863525}, "45": {"train_loss": 1.8261962943120833, "val_loss": 1.8802011013031006}, "46": {"train_loss": 1.8199415059264648, "val_loss": 1.8633304834365845}, "47": {"train_loss": 1.811902684902926, "val_loss": 1.8668169975280762}, "48": {"train_loss": 1.8236419755384463, "val_loss": 1.865570068359375}, "49": {"train_loss": 1.8154903951041195, "val_loss": 1.865500569343567}, "50": {"train_loss": 1.8168018082959936, "val_loss": 1.8729257583618164}, "51": {"train_loss": 1.8169802700707671, "val_loss": 1.8647998571395874}, "52": {"train_loss": 1.8118603120156385, "val_loss": 1.8748081922531128}, "53": {"train_loss": 1.8099130244430053, "val_loss": 1.8682163953781128}, "54": {"train_loss": 1.8083324503461156, "val_loss": 1.866965889930725}, "55": {"train_loss": 1.818602310408146, "val_loss": 1.864781141281128}, "56": {"train_loss": 1.8049349511435273, "val_loss": 1.872253656387329}, "57": {"train_loss": 1.8048630159929258, "val_loss": 1.8576139211654663}, "58": {"train_loss": 1.7993286481691062, "val_loss": 1.8607151508331299}, "59": {"train_loss": 1.8012614709521653, "val_loss": 1.8602560758590698}, "60": {"train_loss": 1.794306757800076, "val_loss": 1.8571422100067139}, "61": {"train_loss": 1.7961878765613661, "val_loss": 1.8591660261154175}, "62": {"train_loss": 1.794485266055536, "val_loss": 1.8577380180358887}, "63": {"train_loss": 1.7942874644874434, "val_loss": 1.8593777418136597}, "64": {"train_loss": 1.7910749064672977, "val_loss": 1.8563698530197144}, "65": {"train_loss": 1.8002953452801487, "val_loss": 1.8607443571090698}, "66": {"train_loss": 1.7969820247877628, "val_loss": 1.853230595588684}, "67": {"train_loss": 1.8258460125791918, "val_loss": 1.8609141111373901}, "68": {"train_loss": 1.797786255495264, "val_loss": 1.8582254648208618}, "69": {"train_loss": 1.8015453574854299, "val_loss": 1.8580563068389893}, "70": {"train_loss": 1.7920585362189407, "val_loss": 1.8587801456451416}, "71": {"train_loss": 1.7944994437585182, "val_loss": 1.8567218780517578}, "72": {"train_loss": 1.7858801631752503, "val_loss": 1.8535635471343994}, "73": {"train_loss": 1.7843649649838789, "val_loss": 1.8523402214050293}, "74": {"train_loss": 1.7967260600230015, "val_loss": 1.8527675867080688}, "75": {"train_loss": 1.829220643284124, "val_loss": 1.874942421913147}, "76": {"train_loss": 1.8070493274872457, "val_loss": 1.8519452810287476}, "77": {"train_loss": 1.7810714665902865, "val_loss": 1.8436375856399536}, "78": {"train_loss": 1.7754606571766214, "val_loss": 1.8456472158432007}, "79": {"train_loss": 1.818194285445257, "val_loss": 1.8605135679244995}, "80": {"train_loss": 1.8156596783104293, "val_loss": 1.8613903522491455}, "81": {"train_loss": 1.7867639316331356, "val_loss": 1.84939706325531}, "82": {"train_loss": 1.777134718698099, "val_loss": 1.849155306816101}, "83": {"train_loss": 1.7819466607286296, "val_loss": 1.8455899953842163}, "84": {"train_loss": 1.772805587414208, "val_loss": 1.8465484380722046}, "85": {"train_loss": 1.768347140299071, "val_loss": 1.8461780548095703}, "86": {"train_loss": 1.767086604866413, "val_loss": 1.8432708978652954}, "87": {"train_loss": 1.7681315251446645, "val_loss": 1.8416677713394165}, "88": {"train_loss": 1.766800592251874, "val_loss": 1.8411915302276611}, "89": {"train_loss": 1.7629081568586717, "val_loss": 1.840891718864441}, "90": {"train_loss": 1.767095236603273, "val_loss": 1.8438302278518677}, "91": {"train_loss": 1.764916658948321, "val_loss": 1.8449742794036865}, "92": {"train_loss": 1.7660919471618233, "val_loss": 1.8475359678268433}, "93": {"train_loss": 1.7625428246795585, "val_loss": 1.840029239654541}, "94": {"train_loss": 1.7642836636359538, "val_loss": 1.8878705501556396}, "95": {"train_loss": 1.7843284497567273, "val_loss": 1.840026617050171}, "96": {"train_loss": 1.7653611936700453, "val_loss": 1.8448070287704468}, "97": {"train_loss": 1.7664587448496338, "val_loss": 1.8387954235076904}, "98": {"train_loss": 1.764309538066934, "val_loss": 1.836419939994812}, "99": {"train_loss": 1.7598315537522693, "val_loss": 1.8374879360198975}, "100": {"train_loss": 1.7645673194062819, "val_loss": 1.834949016571045}, "101": {"train_loss": 1.7559155406208213, "val_loss": 1.83375084400177}, "102": {"train_loss": 1.762043356348615, "val_loss": 1.836986780166626}, "103": {"train_loss": 1.7785960413994046, "val_loss": 1.8410816192626953}, "104": {"train_loss": 1.7614015023642724, "val_loss": 1.831114649772644}, "105": {"train_loss": 1.7574028536814068, "val_loss": 1.8334503173828125}, "106": {"train_loss": 1.8217560134896444, "val_loss": 1.8821399211883545}, "107": {"train_loss": 1.7956148910959926, "val_loss": 1.853575587272644}, "108": {"train_loss": 1.7742693128935787,