{"0": {"train_loss": 2.2300364168322817, "val_loss": 2.0925328731536865}, "1": {"train_loss": 2.1328656855894597, "val_loss": 2.0891711711883545}, "2": {"train_loss": 2.0803023138824774, "val_loss": 2.022739887237549}, "3": {"train_loss": 2.040857655053236, "val_loss": 2.0087382793426514}, "4": {"train_loss": 2.014600328036717, "val_loss": 1.9884145259857178}, "5": {"train_loss": 1.99485716467001, "val_loss": 1.9636183977127075}, "6": {"train_loss": 1.9759801121390597, "val_loss": 1.957556962966919}, "7": {"train_loss": 1.961662618481383, "val_loss": 1.9476398229599}, "8": {"train_loss": 1.9467308636830778, "val_loss": 1.9380699396133423}, "9": {"train_loss": 1.9353528697879947, "val_loss": 1.9305957555770874}, "10": {"train_loss": 1.9284257256254858, "val_loss": 1.9469547271728516}, "11": {"train_loss": 1.9147411511868846, "val_loss": 1.933261513710022}, "12": {"train_loss": 1.9031334805245301, "val_loss": 1.9208014011383057}, "13": {"train_loss": 1.89538380990223, "val_loss": 1.9306734800338745}, "14": {"train_loss": 1.8937160938369983, "val_loss": 1.9207724332809448}, "15": {"train_loss": 1.88021005416403, "val_loss": 1.9391530752182007}, "16": {"train_loss": 1.877949672694109, "val_loss": 1.9282952547073364}, "17": {"train_loss": 1.8811573787611358, "val_loss": 1.9121683835983276}, "18": {"train_loss": 1.8649422149268948, "val_loss": 1.9112948179244995}, "19": {"train_loss": 1.8631750989933402, "val_loss": 1.9351065158843994}, "20": {"train_loss": 1.8505534578342826, "val_loss": 1.9181365966796875}, "21": {"train_loss": 1.8446360595372258, "val_loss": 1.9136255979537964}, "22": {"train_loss": 1.8443970576841004, "val_loss": 1.9147311449050903}, "23": {"train_loss": 1.839662418681748, "val_loss": 1.9160338640213013}, "24": {"train_loss": 1.8312205501965113, "val_loss": 1.8961174488067627}, "25": {"train_loss": 1.8249204912964179, "val_loss": 1.895715594291687}, "26": {"train_loss": 1.8235038543234066, "val_loss": 1.8946784734725952}, "27": {"train_loss": 1.814897629071255, "val_loss": 1.9085016250610352}, "28": {"train_loss": 1.8081185179097312, "val_loss": 1.9023622274398804}, "29": {"train_loss": 1.807761132108922, "val_loss": 1.902681589126587}, "30": {"train_loss": 1.796173628495664, "val_loss": 1.8955038785934448}, "31": {"train_loss": 1.7986793238289502, "val_loss": 1.8939529657363892}, "32": {"train_loss": 1.793772937083731, "val_loss": 1.8979934453964233}, "33": {"train_loss": 1.7915410442011697, "val_loss": 1.8864319324493408}, "34": {"train_loss": 1.7816575163481188, "val_loss": 1.8772236108779907}, "35": {"train_loss": 1.78160978823292, "val_loss": 1.8822277784347534}, "36": {"train_loss": 1.7758567169004558, "val_loss": 1.8823559284210205}, "37": {"train_loss": 1.7631907955724366, "val_loss": 1.879899263381958}, "38": {"train_loss": 1.7688794975378075, "val_loss": 1.8765673637390137}, "39": {"train_loss": 1.7578020010675703, "val_loss": 1.8682118654251099}, "40": {"train_loss": 1.7581154162786445, "val_loss": 1.8834117650985718}, "41": {"train_loss": 1.7468035665093635, "val_loss": 1.8771384954452515}, "42": {"train_loss": 1.7450141991887773, "val_loss": 1.8766623735427856}, "43": {"train_loss": 1.7421895411549781, "val_loss": 1.8819817304611206}, "44": {"train_loss": 1.7346978674129563, "val_loss": 1.8750286102294922}, "45": {"train_loss": 1.7399004703881789, "val_loss": 1.8680520057678223}, "46": {"train_loss": 1.7339948707697344, "val_loss": 1.8666549921035767}, "47": {"train_loss": 1.7295676007562755, "val_loss": 1.8698909282684326}, "48": {"train_loss": 1.7263061896878846, "val_loss": 1.8710055351257324}, "49": {"train_loss": 1.7206396813295326, "val_loss": 1.8534164428710938}, "50": {"train_loss": 1.711952848702061, "val_loss": 1.8648574352264404}, "51": {"train_loss": 1.7261039590349003, "val_loss": 1.869345784187317}, "52": {"train_loss": 1.7134015371604843, "val_loss": 1.8604646921157837}, "53": {"train_loss": 1.7150972333489631, "val_loss": 1.8626644611358643}, "54": {"train_loss": 1.7117548481542237, "val_loss": 1.855977177619934}, "55": {"train_loss": 1.7061597035855662, "val_loss": 1.853381633758545}, "56": {"train_loss": 1.707043468952179, "val_loss": 1.8555889129638672}, "57": {"train_loss": 1.7010183078902108, "val_loss": 1.856929063796997}, "58": {"train_loss": 1.7062967370967477, "val_loss": 1.8565738201141357}, "59": {"train_loss": 1.7045523469545403, "val_loss": 1.856257438659668}, "60": {"train_loss": 1.699245111066468, "val_loss": 1.8656423091888428}, "61": {"train_loss": 1.6912461087411763, "val_loss": 1.8604717254638672}, "62": {"train_loss": 1.6923381339530557, "val_loss": 1.8527405261993408}, "63": {"train_loss": 1.6861344180545028, "val_loss": 1.850656509399414}, "64": {"train_loss": 1.6802297496065801, "val_loss": 1.8471013307571411}, "65": {"train_loss": 1.686598418926706, "val_loss": 1.8502919673919678}, "66": {"train_loss": 1.6775467614738309, "val_loss": 1.8500949144363403}, "67": {"train_loss": 1.684184909475093, "val_loss": 1.8620855808258057}, "68": {"train_loss": 1.6800630043963998, "val_loss": 1.848285436630249}, "69": {"train_loss": 1.679980817497993, "val_loss": 1.8468804359436035}, "70": {"train_loss": 1.6693831353771442, "val_loss": 1.8470011949539185}, "71": {"train_loss": 1.6672534565536343, "val_loss": 1.8590084314346313}, "72": {"train_loss": 1.666281315136929, "val_loss": 1.8396559953689575}, "73": {"train_loss": 1.6662590412461027, "val_loss": 1.842606544494629}, "74": {"train_loss": 1.6617621469254396, "val_loss": 1.8414562940597534}, "75": {"train_loss": 1.663523105942473, "val_loss": 1.8417577743530273}, "76": {"train_loss": 1.6632579321763954, "val_loss": 1.8475319147109985}, "77": {"train_loss": 1.6613243690558843, "val_loss": 1.84453284740448}, "78": {"train_loss": 1.661637775752009, "val_loss": 1.8460009098052979}, "79": {"train_loss": 1.6611947502408708, "val_loss": 1.8405163288116455}, "80": {"train_loss": 1.6593673296120701, "val_loss": 1.8489328622817993}, "81": {"train_loss": 1.6584046927033638, "val_loss": 1.8297597169876099}, "82": {"train_loss": 1.6552797495102396, "val_loss": 1.8460543155670166}, "83": {"train_loss": 1.6482002795959005, "val_loss": 1.8418407440185547}, "84": {"train_loss": 1.6488853096961975, "val_loss": 1.8353065252304077}, "85": {"train_loss": 1.6446793194936247, "val_loss": 1.8400155305862427}, "86": {"train_loss": 1.6480077742313852, "val_loss": 1.8412866592407227}, "87": {"train_loss": 1.6431810211162179, "val_loss": 1.8434407711029053}, "88": {"train_loss": 1.6430908234751955, "val_loss": 1.8346151113510132}, "89": {"train_loss": 1.6405427650529512, "val_loss": 1.8405117988586426}, "90": {"train_loss": 1.64170276328009, "val_loss": 1.832633376121521}, "91": {"train_loss": 1.6383804368729493, "val_loss": 1.8448147773742676}, "92": {"train_loss": 1.6361482982732811, "val_loss": 1.850900411605835}, "93": {"train_loss": 1.6358206466752656, "val_loss": 1.8363888263702393}, "94": {"train_loss": 1.633663876324284, "val_loss": 1.8433992862701416}, "95": {"train_loss": 1.6331179385282555, "val_loss": 1.8385186195373535}, "96": {"train_loss": 1.6371634614710906, "val_loss": 1.8376561403274536}, "97": {"train_loss": 1.6395444730106665, "val_loss": 1.8361080884933472}, "98": {"train_loss": 1.6353112641645937, "val_loss": 1.817449927330017}, "99": {"train_loss": 1.6232175255308345, "val_loss": 1.8360295295715332}, "100": {"train_loss": 1.634830382405495, "val_loss": 1.8374903202056885}, "101": {"train_loss": 1.6343316399321264, "val_loss": 1.8283888101577759}, "102": {"train_loss": 1.6212058955309343, "val_loss": 1.8280413150787354}, "103": {"train_loss": 1.6255133887942956, "val_loss": 1.8350074291229248}, "104": {"train_loss": 1.62566780739901, "val_loss": 1.8320294618606567}, "105": {"train_loss": 1.6314281359010814, "val_loss": 1.8302931785583496}, "106": {"train_loss": 1.6321760707972002, "val_loss": 1.8286526203155518}, "107": {"train_loss": 1.6207042841278776, "val_loss": 1.8241891860961914}, "108": {"train_loss": 1.6236172640810207,